n_visits	prep	n_days	year
			
			
			
			
			
140	в		2015
1100	в	365	
			
2 500	в	365	
			
			
			
			
			
			
			
			
1600	с		2000
			
			
			
			
83688		365	
			
34 000		365	
			
			
			
			
			
			
			
			
3350	в	365	
			
			
			
			
			
			
			
			
			
2000	около		2000
			
			
3000	в	365	
			
			
			
			
			
			
			
			
			
			
12000	в		2015
			
			
			
			
			
			
			
			
			
			
			
800		365	
			
			
450		365	
			
			
			
			
3500		365	
			
			
2300	в	365	
			
			
			
			
			
			
			
			
			
			
			
1315	в	365	
5800		365	
1000		365	
			
			
			
			
			
			
			
			
			
			
			
			
6000		365	
			
200	за	1	
			
			
			
			
			
			
			
8075	в		2008
			
			
			
			
			
			
			
			
			
			
			
			
			
			
			
			
			
			
			
			
			
			
			
			
			
706		30	
8 996	в		2015
1200		365	
			
			
			
			
1500	в	365	
12800	в	365	
			
			
			
			
			
17044	за		2015
			
			
			
			
			
			
			
			
			
18000		365	
29900		365	
			
			
6 750		365	
2799	на		2016
			
			
			
			
			
			
			
			
			
12000	в	365	
			
			
			
			
2000		365	
			
			
			
			
			
			
20000	в		2004
			
			
			
5000	в		2016
32000		365	
			
			
			
10000		365	
			
10000		365	
			
3,5_1000		365	
			
			
			
			
6 086	за	365	
			
			
			
			
			
			
			
			
6000	за	365	
			
			
			
			
			
			
			
15506		365	
			
			
			
			
			
			
			
			
3000	в		2016
			
			
2735	в	365	
			
			
13,5_1000		365	
			
			
1800		365	
			
			
			
			
			
			
			
			
3000	в	365	
			
			
			
			
			
			
			
23540	за		2015
			
			
43066	за	365	
			
			
			
			
			
			
			
			
74300	в	365	
4000		365	
			
			
			
			
			
			
8,5_1000		365	
			
4000		365	
			
			
			
			
23 000		365	
			
			
			
			
			
			
			
			
			
			
			
			
			
			
			
			
			
			
			
			
			
			
			
			
			
			
			
			
			
			
			
			
			
3200	в	365	
			
			
			
			
100 000		365	
			
			
			
			
			
			
4500		365	
			
			
			
			
			
			
			
			
			
			
			
			
			
			
			
			
			
			
			
			
			
			
			
			
			
			
			
			
			
1200		365	
			
			
			
			
			
			
			
			
			
			
			
			
			
			
			
			
			
			
			
			
			
			
			
			
			
			
			
			
			
700		365	
			
			
			
			
			
			
			
			
			
			
			
			
			
			
			
			
			
			
			
			
			
			
			
			
			
1 500		365	
			
1500		365	
			
			
			
			
			
			
			
			
			
			
			
			
			
			
			
			
			
			
			
			
			
40895	в	365	
			
			
			
			
			
			
			
			
			
			
			
			
			
			
			
			
			
			
			
			
			
			
			
			
			
			
6000		365	
			
			
			
			
			
			
			
			
			
			
			
			
			
			
			
полутора_1000	в		2014
трех_1000	в		2015
			
			
			
			
			
			
			
			
			
			
			
			
			
			
			
			
			
			
			
			
			
			
			
			
			
			
			
			
			
			
			
			
			
			
			
			
			
			
			
			
			
			
			
			
			
			
			
			
			
			
			
			
			
			
			
			
			
			
			
			
			
			
			
			
			
			
			
			
			
			
			
15000		365	
			
			
			
			
			
500		365	
			
180000		365	
			
			
			
			
			
			
			
			
			
			
			
			
			
			
			
			
			
			
			
			
			
			
			
			
6100		365	
			
			
			
			
			
			
			
			
			
			
			
			
			
			
			
			
			
			
			
200		30	
			
			
			
			
279000	в	365	
			
			
			
3000		365	
500	в	365	
			
			
			
			
			
			
			
			
			
			
			
			
			
			
			
			
			
			
			
			
			
			
			
			
			
			
			
			
			
			
			
			
			
			
			
			
			
			
			
			
			
			
			
			
2,2_1000		365	
18000	с		2000
			
			
			
			
			
13015	на		2016
			
			
			
			
			
			
			
			
			
			
			
			
			
			
			
			
			
			
			
			
			
			
			
			
			
			
			
			
			
			
			
			
			
			
			
			
			
			
4,56_1000	в	365	
			
			
			
			
137000		365	
			
			
1500		365	
			
			
			
			
			
			
			
			
			
			
			
			
			
			
70000	в	365	
			
			
			
			
			
			
			
			
			
			
			
			
			
			
			
			
3966	в		2015
			
			
			
25000		365	
			
			
41000	в	365	
26000		365	
40000	в	365	
			
			
			
			
7307	в		2015
47000	за	365	
			
			
			
			
			
			
			
			
			
			
			
			
			
			
			
			
			
			
			
			
			
			
			
			
			
			
			
			
			
			
			
			
			
			
			
			
			
			
7000		365	
			
			
			
			
			
			
			
			
			
			
			
			
			
			
			
3750		365	
			
			
			
			
			
			
			
			
			
			
			
			
			
			
			
			
			
			
			
			
			
			
			
			
9000		365	
			
			
			
			
			
1 200	в		2004
			
			
			
двух_1000	за	365	
			
			
			
			
			
			
26435	за	365	
			
			
			
			
			
			
			
			
9583	в		2015
			
			
			
			
			
			
			
5500		365	
			
			
			
			
			
			
			
			
			
			
			
			
			
			
			
			
			
			
			
			
			
			
			
			
			
			
			
			
			
			
			
			
			
			
			
			
			
			
			
			
			
			
			
			
			
			
			
			
			
4 000		365	
			
			
			
			
			
			
			
			
			
			
			
			
			
			
			
30000		365	
			
			
			
			
			
			
			
			
			
			
			
			
			
			
			
			
			
			
			
			
4500		365	
			
			
			
			
			
			
			
500		365	
3193		365	
5809		365	
			
			
			
			
			
			
			
			
			
			
			
704		365	
570		365	
			
			
			
			
583		365	
			
			
			
			
2584		365	
			
			
4382		365	
			
			
			
			
			
			
			
			
			
			
			
13 000	в	365	
			
			
			
			
			
			
			
9000		365	
			
1200		365	
			
			
3000		365	
			
			
			
			
			
			
			
			
			
			
			
			
			
			
20 000	в	365	
			
			
			
			
			
			
			
			
			
			
четырех_1000	за	365	
			
			
			
19000		365	
			
			
			
			
			
			
			
			
			
58000	в	365	
			
			
			
трех_1000		365	
			
			
17000		365	
			
			
			
			
			
			
3 700	в	365	
			
3000		365	
			
17 700	в	365	
			
			
100		1	
2500		365	
			
			
			
			
			
			
			
			
			
			
			
			
			
			
			
			
			
			
			
			
			
			
			
			
			
			
			
			
			
			
			
			
			
			
			
			
			
			
			
			
			
6,5_1000		365	
			
			
30000		365	
			
пяти_1000		365	
			
2500		365	
			
1400		365	
			
			
			
			
			
			
			
			
			
			
			
70000		365	
			
			
			
			
3500		365	
			
			
			
			
			
			
			
			
			
			
			
			
			
			
			
			
			
			
			
			
			
			
			
			
			
			
			
			
			
			
			
			
			
			
			
			
			
			
			
			
			
			
			
			
			
			
			
			
			
			
			
			
			
			
			
			
			
			
			
			
			
			
			
			
			
			
15000	в	365	
			
			
			
			
			
			
			
			
			
			
			
			
			
			
			
			
			
			
			
			
			
			
			
			
			
			
			
			
			
			
			
			
			
			
			
			
			
			
			
			
			
			
			
			
			
			
			
			
5000		365	
			
			
			
750		365	
			
семи_1000	за	365	
			
			
			
			
			
			
			
			
			
			
			
			
			
			
			
			
			
			
			
			
			
			
			
			
			
			
			
			
			
			
			
			
			
			
			
			
			
			
			
			
			
			
			
			
			
			
			
			
			
			
			
			
			
			
			
			
			
			
			
			
			
			
			
			
			
			
			
			
			
			
			
			
			
			
			
			
			
			
			
			
			
			
			
			
			
			
			
			
			
			
			
			
			
			
			
			
			
			
			
			
			
			
			
			
			
			
			
			
			
			
			
			
			
			
			
			
			
			
			
			
			
			
			
			
			
			
			
			
			
			
			
			
			
			
			
			
			
			
			
			
			
			
			
			
			
			
			
			
			
			
			
			
			
			
			
			
			
			
			
			
			
			
			
			
			
			
			
			
			
			
			
			
			
			
			
			
			
			
			
			
			
			
			
			
			
			
			
			
			
			
			
			
			
6000		365	
7,9_1000	в		2014
пяти_1000		365	
			
			
			
			
			
			
			
			
			
			
			
			
			
			
			
			
			
			
			
3,5_1000		365	
			
			
			
			
			
			
			
			
			
			
			
			
			
			
			
			
			
			
			
			
			
			
			
			
			
			
			
			
			
			
			
			
			
			
22000	за	365	
			
			
			
			
			
			
			
			
			
			
			
			
			
			
			
			
			
			
			
			
			
			
			
			
			
			
3400		365	
			
			
			
			
			
			
			
			
			
			
			
			
			
			
			
			
			
			
			
			
			
			
			
			
			
			
			
95000	в	365	
			
			
			
			
			
			
			
			
			
			
			
			
			
			
			
			
			
			
			
			
			
			
			
			
			
			
			
			
			
			
			
			
			
			
			
			
			
			
			
			
			
			
			
			
			
			
			
			
			
			
			
			
			
			
			
			
			
			
			
			
			
			
			
			
			
			
			
			
			
56000		365	
			
			
75		365	
150		365	
70		365	
319		365	
36		365	
160		365	
			
80		365	
1015		365	
			
695		365	
3518		365	
5080		365	
890		365	
7689		365	
			
			
			
			
			
			
			
			
100000		365	
30 000		365	
			
			
			
			
			
			
			
			
			
			
			
			
5000	в	365	
			
			
			
			
			
			
			
18000		365	
			
			
			
			
			
			
			
			
			
			
			
			
			
			
			
			
			
			
			
			
			
			
			
			
			
			
			
			
			
			
			
			
			
46000		365	
			
			
восьми_1000		365	
			
			
			
			
			
			
			
			
			
			
			
			
			
			
			
			
			
			
			
70000		365	
			
			
			
			
			
			
			
			
			
			
			
			
			
			
			
			
			
			
			
			
			
			
			
			
			
			
			
			
			
			
			
			
			
			
			
			
			
			
			
			
			
			
			
			
			
			
			
			
			
			
			
			
			
			
			
			
			
			
			
			
			
			
			
			
			
			
			
			
			
			
			
			
			
			
			
			
			
			
			
			
			
			
			
			
			
			
			
			
			
			
			
			
			
			
			
			
			
			
			
			
			
			
			
			
			
			
			
			
			
			
			
			
			
			
			
			
			
3500	от	365	
30000	в	365	
18 000	в	365	
			
			
			
пяти_1000		365	
			
			
			
			
3000		365	
			
			
			
6754	в	365	
5000		365	
			
			
			
3000		365	
2000		365	
			
			
			
			
			
			
			
			
			
			
			
			
			
			
			
			
			
			
			
			
			
			
			
			
			
			
			
			
			
			
			
			
			
			
			
			
			
			
			
			
			
			
			
			
			
			
			
			
			
			
			
			
			
			
			
			
			
			
			
			
			
			
			
			
			
			
			
			
			
			
			
			
			
			
			
			
			
			
			
			
			
			
			
			
			
3000	в	365	
			
			
			
			
500		365	
			
300		1	
			
			
			
			
			
			
			
			
			
			
50000		365	
			
			
			
			
			
			
			
			
8000		365	
4700		365	
49000		365	
			
			
			
			
			
			
			
			
			
400		1	
			
			
			
			
			
			
			
			
			
			
			
			
			
			
			
			
			
			
			
			
			
			
			
			
			
			
			
			
			
			
100		1	
			
			
			
			
			
			
			
230		365	
1030	в		2008
			
			
			
			
			
			
5581	с		2011
			
			
			
			
			
			
			
			
			
			
			
			
			
			
			
			
			
			
			
			
			
			
			
			
			
			
			
			
			
			
			
			
			
			
			
			
			
			
			
			
			
			
			
			
			
			
			
			
			
			
			
500		365	
			
			
			
трёх_1000	в	365	
			
			
			
			
			
			
			
			
			
			
			
			
			
			
			
			
			
			
			
			
			
			
			
			
			
			
			
500		365	
3000		365	
650		365	
			
трех_1000		365	
			
			
2500	за	365	
			
4000	в	365	
14000	в	365	
7000	в	365	
22,5_1000	в	365	
			
			
			
			
			
			
300	с	1	
			
			
			
			
			
			
			
			
23000		365	
			
			
			
			
			
			
			
			
			
			
			
5 000	в	365	
			
7 500		365	
			
			
			
			
			
			
			
			
			
			
			
			
			
			
			
			
			
			
			
			
			
			
			
			
			
			
			
			
			
			
			
			
			
			
			
			
			
			
			
			
			
			
			
			
			
			
			
			
			
			
			
			
			
			
			
			
			
			
			
			
			
			
			
			
			
			
			
			
			
			
			
			
			
			
			
			
			
			
700	в		2004
			
			
			
			
			
			
			
			
			
			
			
			
			
			
			
			
			
			
			
600		365	
300		365	
			
			
			
			
2,5_1000		365	
			
			
			
			
			
			
			
			
			
			
			
			
			
			
			
			
			
			
			
			
			
			
			
			
			
			
			
			
			
			
			
			
			
			
			
			
			
			
			
			
			
			
			
			
			
			
			
			
			
			
			
			
			
			
			
			
			
			
			
			
			
			
			
			
			
			
			
			
			
			
			
			
			
			
			
			
			
			
			
			
			
			
			
			
			
			
			
			
			
			
			
			
			
			
			
			
			
			
			
			
			
			
			
			
			
			
			
			
			
			
			
			
			
			
			
			
			
			
			
			
			
			
			
			
			
			
			
			
			
			
			
			
			
			
			
			
			
700	в	365	
			
			
			
			
			
			
			
			
			
			
			
			
			
			
			
			
			
			
			
			
			
			
			
			
			
			
			
			
500		365	
			
			
500		365	
			
1900		365	
			
5000		365	
650		365	
пяти_1000		365	
500		365	
			
			
			
			
			
			
			
			
			
			
			
			
			
			
			
2270		365	
			
260		365	
750		365	
			
			
507		365	
700		365	
1,5_1000	в		2010
			
			
			
550		365	
			
550		365	
			
1300		365	
600		365	
			
			
700		365	
37000		365	
4000		365	
			
			
			
			
			
			
1807		365	
			
			
			
			
			
			
			
			
			
			
			
			
			
			
2650		365	
			
			
			
			
			
			
			
			
			
			
1500		365	
			
800		365	
			
480		365	
680		365	
			
800		365	
400		365	
			
			
			
			
1100		365	
			
			
650		365	
870	за	365	
			
			
			
			
950		365	
500		365	
			
			
			
			
			
			
500		365	
			
			
			
			
			
650		365	
560		365	
400	в	365	
5 900	в	365	
650		365	
			
			
1 600		365	
			
			
			
			
			
			
			
			
			
			
			
			
			
509	в		2014
			
			
			
			
			
			
			
			
			
300000		365	
			
			
			
			
			
			
полутора_1000		365	
			
			
			
			
			
			
			
			
			
			
			
500		365	
2500		365	
			
			
			
22000		365	
125		365	
			
			
4 200		365	
			
			
			
			
3000		365	
			
			
			
			
			
			
			
			
			
			
			
3000		365	
			
			
			
			
			
			
			
			
			
			
			
			
			
			
			
			
			
			
			
			
			
			
4090		365	
			
			
15532	в		2015
			
			
			
6,5_1000		365	
			
			
			
			
			
			
			
			
			
			
			
			
			
			
			
			
			
456	в	365	
			
			
20000	в	365	
			
			
			
			
			
			
15000	в	365	
			
9000		365	
17000	в	365	
14 049	на		2016
16 030	на		2016
			
			
			
			
			
			
			
			
			
			
			
			
519	в	365	
700		365	
			
521		365	
20000		365	
			
			
3000		365	
12000		365	
			
			
			
			
			
			
652	в	365	
			
			
			
			
			
			
			
			
			
			
			
			
			
			
			
			
			
			
			
			
			
			
36 465	за	365	
			
			
			
			
			
			
			
			
400	с		2013
			
525	в	365	
2 500		365	
			
			
2 500		365	
			
			
			
трех_1000	в	365	
			
			
			
			
			
			
			
			
250		365	
			
			
			
			
			
400		365	
			
			
			
			
2 500		365	
			
			
			
			
2 000		365	
			
2 500		365	
2 500		365	
			
			
2 000		365	
			
			
2 500		365	
			
1 200		365	
двух_1000		365	
			
			
			
			
			
2 396	в		2015
			
			
			
13 807	в		2015
			
			
185		365	
265		365	
			
95 451	на		2015
			
			
			
			
			
			
			
			
			
			
			
			
			
			
			
			
			
			
			
			
			
			
			
			
			
			
			
			
			
			
4583	в		2016
750		365	
			
			
			
			
			
			
			
			
			
			
20000	в	365	
21000	в	365	
102000	в		2015
			
			
			
			
			
3,5_1000		365	
			
			
			
			
			
			
			
			
			
			
			
			
			
			
			
			
			
			
			
			
			
181	в	365	
250	в	365	
			
4 250		365	
35	в	1	
			
			
			
450		365	
			
			
			
			
			
			
32000		365	
			
			
			
			
			
			
			
			
			
			
			
			
			
			
			
			
			
			
			
			
			
			
			
			
			
			
			
			
40 000		365	
			
3 000		365	
			
			
			
			
			
			
			
			
150000	в	365	
			
			
			
105742		365	
			
			
			
			
			
			
			
			
			
			
			
			
			
			
			
			
			
			
			
			
			
			
			
			
			
13 000	в	365	
			
1500	в	365	
			
			
			
			
			
			
			
			
			
			
			
			
			
			
			
550	в	365	
			
			
			
10000	на		2016
			
			
			
			
			
			
1 095	в		2003
3 000		365	
			
			
			
			
			
			
			
			
			
			
			
			
			
			
10		7	
1000	за	365	
			
			
			
			
			
			
			
			
			
			
			
			
			
			
			
			
			
			
			
			
			
6 850	в	365	
3300	в	365	
			
			
			
			
			
			
			
			
			
50000		365	
			
800	с		2009
			
			
648	в	365	
			
			
			
			
			
8 900		365	
8 900		365	
2 422		365	
			
			
			
			
			
1500	в		2005
1 196	в		2015
6 689	в		2015
5 323	в		2015
4 231	в		2015
3 773	в		2015
4 225	в		2015
4 650	в		2015
3 997	в		2015
			
			
			
			
			
			
			
			
			
			
			
			
700000		365	
500	в	365	
			
			
			
			
			
			
			
			
			
			
			
			
			
			
			
8 000		365	
			
			
			
			
			
			
			
			
			
			
			
11 000		365	
			
			
			
			
			
			
			
			
			
			
			
			
655		365	
			
			
			
			
			
700000		365	
			
			
			
			
			
			
			
			
			
			
			
			
			
			
			
			
			
			
			
			
			
			
			
			
			
			
4,5_1000	в	365	
18000	в	365	
15000	за	365	
4,5	в	365	
19 900	в	365	
			
			
			
			
			
			
			
			
			
			
			
			
			
			
			
			
			
			
			
			
			
			
22250	в	365	
			
			
			
			
			
			
			
			
			
			
			
			
			
			
			
			
			
			
			
			
			
			
			
			
			
			
			
			
			
			
			
			
			
			
			
			
			
			
			
			
			
			
2 300	в	365	
2 400	в	365	
			
			
3 000	в	365	
4 000	в	365	
2 000	в	365	
3 200	в	365	
			
			
5 500_1000		365	
			
			
			
			
			
			
			
			
			
			
			
			
			
			
			
			
			
			
			
			
			
			
			
			
			
			
			
			
			
			
			
			
			
			
229 300	за	365	
			
			
			
			
			
527	в	365	
			
700	в	365	
			
			
			
			
1 356		365	
			
			
2 600		365	
			
			
			
			
			
95 920	в	365	
			
			
			
			
			
			
			
			
			
460		365	
			
			
			
			
			
			
			
			
			
9000		365	
			
			
			
2000	около		2000
			
			
			
			
			
			
			
			
			
			
			
			
			
			
3797		365	
			
			
			
			
75000	в		2008
			
			
			
			
			
			
			
			
			
			
			
			
			
			
			
			
			
			
			
			
			
			
			
			
			
			
			
			
			
			
3880	в	365	
			
			
			
			
			
			
			
600		365	
			
			
			
			
			
			
			
			
			
			
			
			
			
			
			
500	за	365	
			
			
			
			
			
			
10000	за	365	
			
			
			
			
9 000		365	
3218		365	
6 901		365	
2513		365	
2510		365	
3 980		365	
8 080		365	
			
			
			
			
			
			
			
			
			
			
			
			
			
			
			
			
			
			
			
			
			
			
3 658	в	365	
			
			
			
			
			
			
			
			
4950	в	365	
			
			
			
			
			
			
110		1	
			
			
			
			
			
			
			
25000		365	
			
2 000		365	
			
			
			
			
			
			
			
2 300		365	
			
			
			
			
			
			
			
32303	в		2016
28 918	в		2016
23139	в		2016
23 147	в		2016
43157	за		2016
22793	в		2016
			
			
			
			
			
			
			
			
14000		365	
3 800	в		2013
			
4000		365	
			
			
			
			
			
2 550		365	
			
1,5_1000		365	
10	в	1	
150	в	1	
70	в	1	
60 000		365	
60 000		365	
40	в	1	
			
			
			
			
150	в	1	
			
			
			
			
			
			
			
			
			
			
			
			
			
1 800		365	
			
			
			
			
			
			
			
			
			
			
			
			
			
			
			
			
			
			
			
			
			
			
			
			
			
			
182000		365	
			
			
			
			
			
			
31 482	в		2016
40 811	в		2016
24 283	в		2016
22 360	в		2016
			
32000		365	
30000	в	365	
30000	в	365	
30000		365	
			
			
			
			
150000	в	365	
4 000		365	
8 500		365	
6 000		365	
7 000		365	
30 000		365	
5 000		365	
9 000		365	
			
3 500	в	365	
24819	за	365	
50	в	1	
80	в	1	
50	в	1	
20	в	1	
100	в	1	
150	в	1	
30	в	1	
100	в	1	
100	в	1	
100	в	1	
150	в	1	
100	в	1	
50	в	1	
10	в	1	
150	в	1	
30	в	1	
120	в	1	
10	в	1	
50	в	1	
20	в	1	
10	в	1	
50	в	1	
140	в	1	
10	в	1	
50	в	1	
130	в	1	
35	в	1	
150	в	1	
10	в	1	
10	в	1	
100	в	1	
60	в	1	
100	в	1	
60	в	1	
80	в	1	
10	в	1	
			
			
			
			
			
			
			
			
			
8 000	в	365	
			
5000		365	
			
500		365	
			
			
			
			
			
			
			
			
			
			
			
			
			
			
			
			
			
700		365	
1500	в	365	
			
1 000		365	
			
4 500	за	365	
			
2000	свыше		2000
18 400	в	365	
			
			
2300		365	
7 000	в	365	
15000	в		2016
			
			
			
10 591	за	365	
6 428	за	365	
			
			
			
24 588	за	365	
4200	в	365	
700	в	365	
			
			
			
			
40000	в	365	
10000	в	365	
11,5_1000		365	
5000	за	365	
500		365	
5000	за	365	
			
6,5_1000		365	
			
			
			
1500	в	365	
			
			
			
1,5_1000		365	
			
			
			
			
			
			
15000		365	
			
			
136	в		2016
			
			
			
			
			
			
			
1400		365	
			
			
			
			
700		365	
			
260	в	365	
500	в	365	
620	в	365	
500	в	365	
300	в	365	
			
705	в	365	
760	в	365	
280	в	365	
280	в	365	
			
588	в	365	
			
			
760	в	365	
			
			
			
			
			
			
			
			
			
			
			
			
			
			
			
			
31000	в	365	
			
			
			
			
			
			
			
			
			
750		365	
			
			
305		365	
2 000		365	
			
			
			
			
14 208		365	
			
150	в	30	
			
			
			
212		365	
			
			
500	за	30	
			
			
854	за		2016
			
3 700		365	
			
			
			
			
7 105	на		2017
			
6 300	за		2016
			
			
			
			
			
			
			
			
			
			
			
			
1 000	в	365	
			
			
300		365	
500	в	365	
			
			
			
			
			
			
			
			
			
			
400		365	
800		365	
			
			
			
			
1 000	в	365	
			
			
			
			
			
			
			
4 410	за		2016
			
			
			
1 200		365	
2 000	в	365	
			
			
			
			
			
			
			
			
			
			
			
			
			
			
			
			
			
			
500		365	
			
			
			
			
			
2 800	в	365	
2359		365	
4 963		365	
2 157		365	
5 630		365	
1 845		365	
			
			
трех_1000	в	365	
			
2000		365	
			
13 909		365	
6000	в	365	
			
			
			
			
			
			
			
			
			
			
			
			
			
			
5478	за	365	
			
			
			
			
			
			
62 500	за	365	
			
			
			
			
			
			
			
			
			
			
			
			
			
			
			
			
			
			
			
			
			
24 102	в		2016
			
			
			
			
			
			
			
			
			
			
			
			
16942	в		2016
5 893	в		2016
47 803	в		2016
			
			
			
			
			
			
			
			
			
			
7 000		365	
			
			
28000	в	365	
			
			
25000		365	
			
17000	в	365	
			
			
			
			
			
130	в	1	
			
			
			
			
			
			
			
2150	в	365	
			
			
			
			
			
			
			
			
			
			
			
			
			
			
			
			
			
70000	в	365	
			
130 000		365	
			
			
			
80	в	1	
			
			
			
30000	в	365	
			
			
			
			
			
			
			
			
			
			
			
			
			
			
			
			
			
58000	в	365	
			
2 200		365	
			
			
7 000	в	365	
			
			
			
			
			
			
			
			
29000	в	365	
			
35000	в	365	
			
			
			
			
			
			
			
			
			
			
			
			
			
			
			
			
4000		365	
			
18 000		365	
26000		365	
25000		365	
40000		365	
25000		365	
			
			
40000	в	365	
			
			
			
			
			
			
			
			
			
			
			
			
			
			
			
			
			
			
10	в	1	
60	в	1	
50	в	1	
40	в	1	
140	в	1	
100	в	1	
10	в	1	
10	в	1	
			
			
			
			
			
			
			
			
			
			
			
			
			
			
			
			
			
			
			
			
			
			
			
			
			
			
400	в	365	
250	в	365	
200	в	365	
130	в	365	
400	в	365	
150	в	365	
350	в	365	
400	в	365	
450	в	365	
390	в	365	
300	в	365	
400	в	365	
2 000	в	365	
2700	в	365	
400	в	365	
			
1000		365	
2,5_1000		365	
550		365	
1,5_1000	за	365	
			
			
2 000		365	
16 500		365	
			
			
1500		365	
1 500		365	
			
			
			
			
			
			
			
			
			
			
			
14 020	за	365	
			
			
			
			
			
			
			
			
			
4000	в	365	
			
			
			
7000		365	
			
16000		365	
			
57000	в	365	
			
			
			
			
			
			
			
			
			
			
350		365	
			
			
			
			
			
			
			
			
			
			
			
			
			
			
			
			
			
			
			
			
			
			
			
			
			
			
			
			
			
			
			
			
			
			
			
			
			
20 000		365	
			
			
4000		365	
			
			
			
			
			
			
			
			
			
			
			
			
			
			
600		365	
			
			
			
			
			
			
			
			
			
			
			
			
			
			
5 130	за	365	
			
			
			
			
			
			
			
			
			
			
			
			
			
			
			
			
8 850		365	
			
			
9 000		365	
1 240	в	365	
5 653	в	365	
10 397	за	365	
3 977	в	365	
9 011	в	365	
			
1 673	в	365	
			
			
			
			
			
			
			
			
			
			
			
			
500		365	
			
			
			
			
			
			
			
			
			
			
			
402	за		2016
			
			
5 500	за	365	
			
			
			
			
			
2 010	в		2015
1 000		365	
			
			
			
			
			
2000		365	
			
			
			
			
			
			
3 000	в	365	
			
			
			
			
2000	около		2000
			
			
			
13 400	в	365	
			
			
8000		365	
			
			
			
			
			
4 000		365	
10 000		365	
4 000		365	
2 500_1000	в	365	
			
			
			
			
			
			
			
			
			
			
			
1 300		365	
			
			
			
			
			
			
			
			
4,5_1000		365	
			
			
			
			
			
			
			
			
			
			
			
			
			
2 000		365	
			
			
			
			
			
			
			
			
			
			
			
			
			
			
			
			
			
			
			
			
			
			
			
			
			
			
4 858	в		2016
			
			
			
			
			
			
			
1 186	в	365	
900	в		2016
			
			
			
			
			
5 975	в		2016
			
			
			
			
			
1 050		365	
			
			
			
			
			
			
			
			
			
двух_1000		365	
			
5 000	в	365	
			
			
			
25 000		365	
13556	за	365	
			
			
			
			
6 265	в	365	
30000		365	
			
			
			
			
			
			
			
			
			
			
			
			
			
			
			
			
			
			
			
			
			
230	в	365	
			
			
			
			
			
20000		365	
			
			
			
			
			
			
			
			
			
3000	с		2013
			
			
			
			
			
			
			
			
			
			
			
			
2 250	в	365	
			
			
			
			
500	в	365	
			
			
			
			
			
			
			
			
			
			
			
500	в	365	
			
			
			
			
			
			
			
1 500		365	
			
800		365	
			
1,5_1000		365	
8000		365	
			
			
			
			
3,5_1000		365	
			
2000	около		2000
			
			
			
			
			
			
			
			
			
			
			
			
			
			
			
			
			
			
			
645	в	365	
			
9 910	за	365	
			
3 608	в	365	
			
			
2 500		365	
			
			
22 000		365	
			
			
			
			
			
141 000	в	365	
			
			
			
			
			
			
			
4 517	за		2016
			
1 200	в	365	
			
			
			
			
			
			
			
			
3 000		365	
			
			
			
			
			
8 000	в	365	
28 000	в	365	
30 000	в	365	
			
500	в	365	
23 000		365	
20000		365	
			
			
			
			
			
			
			
			
			
			
			
			
			
3 000	в	365	
			
			
			
			
			
5000		365	
			
			
750	за	365	
			
6000	в	365	
			
			
			
			
			
			
			
			
			
			
			
			
			
500	в	365	
			
			
			
			
			
			
			
			
			
250	в	365	
			
			
			
			
			
			
			
			
			
			
			
			
			
69 870	в		2016
			
			
			
			
			
			
			
			
			
			
			
			
			
2000		365	
2000	в	30	
			
			
			
4 880		365	
			
			
			
			
			
			
			
			
			
9000		365	
10,8_1000	в	365	
23000	в	365	
22000	в	365	
10 000		365	
12000		365	
			
4000		365	
			
			
			
			
			
			
3 833	за		2016
			
			
			
			
			
			
			
			
			
400		365	
290	за		2016
389	за		2016
1 168	за		2016
			
			
			
			
			
			
			
400		365	
			
			
			
			
			
500		365	
			
			
			
			
			
			
			
			
			
			
			
			
			
			
			
38000		365	
800		365	
350		365	
двух_1000		365	
			
			
			
250		365	
700		365	
			
			
			
			
			
			
			
			
			
			
1,5_1000	в	365	
			
			
			
500	в	365	
			
			
			
			
			
			
			
			
			
350	в	365	
			
			
			
			
			
			
			
2 000		365	
			
			
			
			
			
			
			
			
			
			
			
			
			
			
			
			
2 800	в		2000
			
			
			
			
			
			
30 000		365	
			
			
			
			
			
			
			
			
9000		365	
			
			
			
377	в	365	
610	в	365	
650	в	365	
350	в	365	
			
500		365	
1 200	в	365	
600	в	365	
360	в	365	
			
			
1 470		365	
5 000	в	365	
50000	за	365	
28 500	в	365	
			
			
			
1 600	за	365	
			
			
			
			
			
			
			
			
			
			
			
			
4 000		365	
			
			
			
			
			
385	в	365	
			
			
			
			
			
			
			
			
			
			
			
1 950		365	
			
			
30 000		365	
			
			
			
			
			
			
			
			
			
			
			
			
			
			
			
			
			
			
			
28 000	в	365	
7 165	в	365	
			
			
			
			
			
			
			
			
			
			
			
11 186	за		2016
			
			
			
			
			
			
			
2 200	в	365	
			
			
			
500		365	
500	в	365	
			
			
			
40000	в	365	
2 000		365	
			
			
			
			
			
			
			
			
			
двух_1000	в	365	
			
			
			
584	за		2014
			
			
5 500		365	
			
			
3 000		365	
			
			
			
			
			
			
			
			
			
			
			
			
			
			
43000	в	365	
			
			
13 000	в	365	
			
			
			
			
			
			
			
			
			
			
			
			
1 350		365	
			
			
			
			
			
31000		365	
			
			
			
			
			
			
			
1700		365	
			
			
			
			
			
			
2000		365	
			
15 097		365	
			
6000		365	
			
			
400		365	
			
			
			
			
			
			
			
			
			
			
			
			
2000		365	
			
			
3000		365	
4800	в	365	
			
			
2434	в	365	
			
			
			
			
			
			
			
			
			
			
			
			
			
			
			
			
			
			
			
			
			
			
			
2 020	в	365	
			
			
			
			
			
			
			
			
			
500	в	365	
			
			
			
			
			
			
2 404	в	365	
			
			
			
			
			
			
			
			
			
			
			
			
1 380	за	365	
175		365	
1 800		365	
1 100	за	365	
			
			
400		365	
7 685	в	365	
			
			
двух_1000		365	
238	за		2016
292	за		2016
140	за		2016
900	за		2016
			
			
			
			
255	за		2016
			
63	за		2016
			
			
			
30000	в	365	
			
			
			
			
			
			
			
3 000	за	365	
			
			
			
			
			
			
			
			
			
			
			
800		365	
800		365	
800		365	
400		365	
			
			
			
			
			
			
700		365	
			
500		365	
1 350		365	
			
			
1 200	в	365	
40	в	1	
2 500	в	365	
			
			
			
450		365	
400	в	365	
302	в	365	
250	в	365	
180	в	365	
400	в	365	
250	в	365	
242	в	365	
1 007	в	365	
236	в	365	
			
506	в	365	
			
450	в	365	
			
			
			
			
			
трех_1000		365	
			
840		365	
460		365	
			
1 648		365	
1 006		365	
1 800		365	
1 919		365	
1 830		365	
1 009		365	
826		365	
			
1 560		365	
32 516	в		2017
880		365	
			
700		365	
			
857		365	
			
650		365	
			
1 135		365	
1 050		365	
			
1 002		365	
2 300		365	
1 802		365	
268		365	
			
			
1 630		365	
900		365	
			
			
			
			
			
			
			
6 532	в	365	
			
1 700	за	365	
			
			
			
			
			
1 800		365	
			
			
			
			
270		365	
			
			
			
			
50		1	
5 000		365	
			
			
			
			
			
900		365	
			
			
			
			
			
			
			
			
			
			
			
			
155 000	в	365	
			
			
			
5 710	в	365	
			
			
500		365	
1 950		365	
			
			
40 000		365	
			
			
			
			
			
			
			
			
			
			
			
			
			
			
			
			
			
			
			
			
			
			
			
			
			
			
			
			
			
4 059	за		2016
			
			
			
			
			
1326		365	
			
860		365	
			
			
			
			
8000		365	
			
			
			
			
			
			
			
			
			
			
			
			
			
			
			
			
			
			
			
			
600		365	
			
			
			
			
			
5 500		365	
			
			
			
			
			
			
			
			
			
			
			
			
			
			
			
			
			
29 636	в	365	
			
			
			
2,1_1000		365	
			
2 100	в		2013
			
			
			
			
			
			
			
			
			
			
			
			
			
			
			
5 000		365	
			
			
			
			
			
			
1 600		365	
			
			
600	в	365	
			
			
			
			
			
			
			
			
			
			
			
			
			
			
2 900		365	
			
			
			
			
			
			
			
			
			
			
2000		365	
			
800		365	
			
			
			
			
			
2 041	на		2017
			
			
			
			
			
300		365	
650		365	
			
			
			
120		365	
			
			
			
			
			
			
			
			
			
			
			
			
			
			
			
3,5_1000		365	
1 500		365	
			
			
			
			
			
			
1 500	с		2012
			
			
			
			
			
			
			
			
			
			
			
2 300		365	
350		365	
			
			
			
			
			
			
			
			
			
			
			
			
6 000		365	
			
			
			
			
			
5 000		365	
			
3 080	за	365	
2 000		365	
			
			
			
			
8 000		365	
2 800	с		2004
			
			
			
			
			
			
373	за	365	
			
			
391	за	365	
			
342	за	365	
			
98	за		2016
			
			
			
			
			
			
			
			
			
			
			
			
			
			
			
			
			
4 939		365	
4 643		365	
			
277	за	365	
1 544	в	365	
36 610	за		2016
785	за	365	
			
80		365	
200	за		2016
34	за		2016
			
			
30 865	за		2016
			
			
1 800		365	
			
4000		365	
			
2 800		365	
			
			
19 000		365	
			
			
4000	в		2006
			
35000		365	
9 200		365	
			
			
			
			
			
			
13 234	в	365	
			
			
			
			
			
			
2 183	в	365	
две_1000	в	365	
пяти_1000		365	
4,5_1000	в	365	
			
750		365	
			
			
			
56 302	за		2016
26 622	на		2016
			
			
			
			
			
			
			
			
			
			
			
			
			
			
			
			
			
			
			
2 000		365	
три_1000		365	
			
			
			
			
			
			
			
			
29 329	за		2017
			
			
			
			
			
100000		365	
50000		365	
50000		365	
			
			
			
			
			
			
			
			
			
			
			
			
			
3 000	в	365	
46 086	за	365	
			
			
			
			
			
			
			
			
			
7000	в	365	
			
			
			
			
			
			
			
			
			
			
			
			
22000		365	
			
			
			
			
2 000	в	365	
			
			
350		1	
			
			
			
			
			
			
			
			
			
34000	в	365	
			
30000	в	365	
25000	в	365	
			
			
6000	в		2014
500	в	365	
			
			
			
			
			
			
			
			
			
			
			
			
			
			
			
			
			
			
			
			
1 000		365	
250		365	
300		365	
400		365	
250		365	
400		365	
430		365	
600		365	
440		365	
550		365	
650		365	
			
			
			
			
			
			
			
1 500_1000		365	
			
200		365	
			
			
			
			
			
			
10 830	в	365	
			
			
			
			
			
			
			
500	за	365	
			
20 000	в	365	
			
			
			
			
			
34 000	в	365	
260	за	365	
			
			
			
			
			
			
			
			
			
			
			
			
			
8 000	в	365	
			
700	в	365	
2 967	в	365	
			
			
			
			
1 500	в	365	
			
			
			
			
			
			
			
			
			
			
			
			
			
			
			
			
300		365	
			
1 300		365	
			
4 050	в	365	
			
			
			
			
			
			
			
40000		365	
			
			
			
			
			
			
			
			
			
			
			
			
			
			
			
			
			
			
			
			
			
			
			
			
20 000		365	
			
			
			
2 000		365	
			
			
3000		365	
7000	в		2016
			
			
			
			
			
			
			
			
			
60 500	в	365	
			
			
			
			
			
			
			
			
			
			
			
150		365	
2 000	в		2016
			
			
			
			
			
			
			
			
			
			
			
			
250000		365	
			
			
			
			
			
			
			
			
			
10 000	в	365	
			
			
			
140 785	в	365	
			
			
			
			
			
50	в	1	
1 500	в	365	
			
			
			
			
			
			
25 000	в	365	
54 000		365	
60000	в	365	
			
			
двух_1000		365	
			
			
			
2 640		365	
			
			
			
			
			
52000	в	365	
			
64000		365	
			
			
			
			
			
			
			
24000	в	365	
			
			
			
1 500		365	
			
			
			
			
30000		365	
26 000	в	365	
			
			
			
			
			
			
			
4 000	в	365	
			
810		365	
			
			
			
			
			
520		365	
400		365	
			
			
			
			
			
			
			
			
			
3,9_1000		365	
			
			
			
71 626	за		2016
100		365	
			
			
			
			
			
			
			
			
			
			
			
			
			
			
			
			
			
			
			
2 220	в	365	
			
			
			
			
			
24 000	в		2016
88000		365	
			
			
			
			
4000		365	
14000		365	
			
			
			
			
			
			
			
			
			
			
			
15000		365	
			
			
			
			
			
			
			
170		365	
четырех_1000	в	365	
3, 5_1000	в	365	
			
2,5_1000	в	365	
			
			
			
1 500_1000		365	
			
			
			
			
			
2 857	с		2014
			
			
			
			
			
			
60		365	
			
			
3 000	с		2012
			
			
			
			
16 784	за		2017
			
			
двух_1000		365	
			
			
			
			
			
			
			
			
6 000		365	
			
60		365	
			
			
			
			
			
			
180 000		365	
550	за		2007
			
			
			
			
			
1 000		365	
			
			
			
			
			
			
4 600		365	
			
			
			
			
			
			
			
			
			
			
			
			
			
			
			
			
11 813	в		2016
			
			
			
			
			
			
три_1000		365	
			
			
			
240000	в	365	
			
			
			
			
6 000		365	
			
			
			
			
			
			
			
			
4 000	в	365	
			
			
			
			
			
26000		365	
			
			
			
			
			
			
			
			
			
			
			
			
1 300		365	
1 800		365	
2 500	в	365	
3000	в	365	
			
1 700		365	
1 500		365	
			
500		365	
10000	в	365	
			
			
			
3 700		365	
			
			
			
			
			
			
23 000	в	365	
			
			
20000		365	
			
			
			
			
300		365	
			
			
			
			
			
			
4 000		365	
			
705	в	365	
			
			
			
			
30000		365	
			
400	в	365	
150	в	365	
			
			
			
			
			
			
			
			
			
			
			
			
48 547	за		2017
			
			
			
			
			
			
			
			
			
			
400		365	
28 000	в	365	
			
			
			
250		365	
			
			
			
250		365	
450		365	
600		365	
1 300		365	
600		365	
380		365	
400		365	
			
250		365	
635		365	
500		365	
350		365	
			
			
350		365	
			
			
			
			
			
			
			
			
			
			
			
			
двух_1000		365	
			
			
			
650		365	
			
			
29 890	в	365	
			
7 000		365	
5 000		365	
1 636	за	365	
			
			
2 000	в		2016
			
			
35 537	в	365	
388		365	
			
			
			
			
			
			
			
			
			
			
			
			
			
			
			
			
			
			
			
			
			
			
			
			
			
			
			
			
			
25000		365	
			
			
			
			
4 000		365	
			
			
			
			
			
			
			
			
13 000		365	
			
			
			
			
			
			
			
			
			
			
			
			
			
			
			
			
			
			
			
33,5_1000	в	365	
			
612	в	365	
22 542		365	
			
			
			
			
			
			
			
			
			
			
			
			
			
			
			
			
			
			
			
			
			
1 865	в		2017
			
			
			
			
семи_1000		365	
			
			
			
			
			
			
			
			
			
			
			
			
			
			
			
			
			
			
			
			
			
2 650	за		2017
			
			
			
4 466	за		2017
			
			
2 000	за		2017
			
			
			
			
			
180	в	365	
			
			
			
			
2 700		365	
			
			
			
			
			
			
			
			
190		365	
			
			
			
			
			
			
			
			
			
3 500	за	365	
			
			
			
			
			
			
			
			
			
			
			
1 500		365	
			
			
6 200	за		2017
			
			
			
			
			
			
			
			
250		365	
			
			
			
			
			
			
			
			
			
			
			
2 651	на		2017
			
			
			
8 000		365	
			
			
			
			
			
			
			
			
			
			
			
			
			
			
			
			
			
			
			
			
			
			
			
			
			
			
1 300	в	365	
			
			
			
			
			
			
3 566	в		2017
6 058	в		2017
4 210	в		2017
5 109	в		2017
2 550	в		2017
8 594	в		2017
3 900	в	365	
1 430		365	
50000	в	365	
			
			
			
			
			
			
			
			
			
30 440		365	
67000	в	365	
			
			
100		1	
2 500	в		2017
			
			
			
			
			
			
5 520	за	365	
			
			
			
			
			
			
			
			
			
			
			
			
			
28000		365	
			
			
			
			
			
			
8 700	в	365	
			
			
			
			
			
65000		365	
			
			
			
			
			
			
			
197	в	365	
			
			
			
			
			
			
			
			
			
			
			
			
			
			
			
302	в		2015
			
			
16 000	в	365	
			
			
			
			
			
			
			
			
			
			
			
			
			
			
			
			
			
			
			
21 500	в	365	
			
			
			
50 000		365	
			
			
			
			
			
			
			
8000	в		2017
			
			
26 000	в	365	
			
			
			
			
24 000	в	365	
			
			
			
			
			
			
580	в	365	
			
			
			
			
			
			
			
			
			
			
			
			
			
			
			
			
			
			
			
			
			
			
			
			
			
			
			
			
			
			
			
			
			
			
			
			
			
			
			
			
			
20000		365	
			
			
			
			
			
			
1 559		365	
			
			
			
			
			
			
			
			
			
			
			
			
550		365	
			
			
			
			
14 930		365	
25 262		365	
33 563	в	365	
2 000	в	365	
			
			
			
			
			
			
			
			
			
1 400		365	
			
			
			
			
			
			
			
			
			
			
			
			
			
			
9 000	в	365	
			
1 800		365	
			
			
			
			
			
			
			
			
22 039	в	365	
			
			
			
			
			
			
			
			
			
			
			
			
2 000		365	
			
			
			
			
			
			
			
			
			
			
			
			
			
			
			
			
			
			
			
			
200		365	
			
			
			
			
			
			
			
			
			
			
			
			
230000	за		2017
			
			
			
			
			
8000	в	365	
			
			
			
			
			
			
			
			
			
			
			
			
			
			
			
2000		365	
4 000		365	
6 000		365	
			
			
			
			
			
			
			
			
			
600		365	
			
			
			
			
3,5_1000	в	365	
			
			
30		1	
7 000		365	
4 300		365	
5 000		365	
6 800		365	
8 000		365	
			
			
			
			
			
			
			
			
			
			
			
			
			
			
			
			
			
			
			
			
			
			
			
3000	за	365	
			
			
			
1 100		365	
			
			
			
			
			
			
			
6 770	за		2017
			
			
			
			
			
			
			
			
			
			
5000	за	365	
			
2 600		365	
			
			
			
			
			
112 740	в	365	
			
			
			
			
			
			
			
			
			
			
			
			
			
			
			
			
			
58 481	в		2017
			
			
			
			
			
19 000	в	365	
			
			
			
			
			
			
			
			
			
			
			
57000		365	
			
			
			
			
150000	в	365	
			
			
			
			
			
			
			
			
			
			
			
			
			
			
			
			
			
			
			
			
			
			
17 708	за		2017
19 393	за		2017
			
			
57000		365	
			
			
			
			
			
			
35000	в	365	
			
			
			
			
			
			
			
			
			
			
1 500	в	365	
9 000	за	365	
			
130		365	
600		365	
			
400		365	
500		365	
500		365	
			
			
			
			
			
			
			
			
			
четырёх_1000	в	365	
			
			
			
			
4 000		365	
35000	в	365	
2 000	в	365	
			
			
			
			
			
			
			
			
4 500	на		2017
500		365	
			
			
			
6 200	в	365	
1 032		365	
			
			
			
			
			
			
двух_1000	в	365	
			
			
500	в	365	
			
			
			
9 000	за	365	
пяти_1000		365	
500	в	365	
			
15 000	на		2018
			
			
			
			
			
			
			
4 390		365	
1 200		365	
			
400		365	
1 500	в	365	
			
1 500		365	
			
4 000	в	365	
			
			
			
			
			
			
5 000		365	
			
300		365	
			
			
			
			
			
			
			
			
			
			
			
			
			
			
			
5 500	за	365	
18000	в	365	
			
			
			
			
			
			
5 826		365	
			
			
			
			
			
			
			
			
			
			
326 336	в	365	
14000		365	
			
			
			
			
			
			
			
			
			
			
			
			
			
			
			
			
			
			
			
			
			
			
151 100	в	365	
			
222 175	в		2015
800000		365	
			
1 800		365	
			
			
			
			
			
			
			
			
			
			
			
3 000		365	
2 250		365	
2 000		365	
4 000		365	
			
1 000		365	
2 600	в	365	
			
			
			
			
			
			
			
			
			
			
			
			
			
1000		365	
			
			
			
			
			
			
			
			
			
			
			
			
			
5 520	за		2017
			
			
			
			
			
			
			
			
			
			
			
			
			
			
			
			
			
			
			
			
9 758	за		2017
			
			
			
			
			
			
			
			
			
			
701	в		2017
			
			
			
			
2 900	за	365	
			
			
4000	в	365	
			
			
			
			
			
			
6000		365	
7000		365	
			
			
			
			
			
			
			
			
			
			
			
			
			
			
			
			
			
			
			
150		365	
			
			
			
			
			
			
160		365	
			
80	в	1	
			
			
			
			
2 000		365	
			
			
			
100		365	
			
			
			
			
			
			
			
			
			
			
			
			
			
			
484	за		2012
			
			
			
			
2 659		365	
80000	в	365	
			
			
154	на		2017
			
			
			
			
			
			
			
			
			
			
			
			
			
			
			
			
			
			
			
4 000_1000		365	
			
			
			
			
			
			
			
			
			
			
			
1 000		365	
1 000		365	
3 000		365	
			
			
			
			
500	в	365	
			
			
			
			
			
			
			
			
			
			
296 000		365	
			
35 015	за		2016
			
			
			
			
			
			
			
			
36000	в	365	
			
			
			
18 000		365	
			
			
			
			
			
2,5_1000		365	
			
			
			
			
			
			
			
			
			
			
			
108 000		365	
			
			
			
			
			
			
			
			
			
			
			
			
			
4,5_1000	в	365	
3000	в	365	
5000	в	365	
			
			
			
			
			
			
			
			
45000	в		2017
750		365	
			
1 010	в		2017
1 200	в		2017
8 770	в		2017
5 150	в		2017
300	в		2017
1 253	в		2017
12 524	в		2017
1 500		365	
1 500		365	
1 000		365	
			
			
			
			
			
			
			
			
			
			
			
			
			
			
			
			
			
			
			
			
			
			
			
			
			
			
			
			
			
двух_1000	в	365	
			
			
285	на		2018
50		365	
			
3 080	в	365	
200		365	
			
			
			
			
			
			
			
			
			
			
			
			
			
			
			
			
			
			
			
			
3000	в	365	
			
			
			
2 000		365	
			
			
2 221		365	
			
30000	с		2017
			
			
			
			
			
			
			
			
			
			
2,5_1000	в	365	
500		365	
756		365	
16 136	в	365	
			
			
			
2 500		365	
			
			
			
			
			
			
			
			
2 100		365	
трех_1000		365	
15000		365	
13000		365	
14000		365	
			
			
7000		365	
8000		365	
15000		365	
30000		365	
			
			
			
			
			
			
			
			
70000		365	
			
			
			
			
476 980	в	365	
			
			
			
3000		365	
			
пяти_1000		365	
			
			
			
			
84000		365	
			
			
			
			
			
			
			
			
			
			
			
			
			
			
			
			
			
			
			
			
			
			
			
			
315	с		2006
			
			
			
1000		365	
			
22000	в	365	
843	в		2017
			
			
			
			
4 705	за		2016
			
			
			
			
			
			
			
			
			
50		1	
			
790	в		2009
			
			
			
5 000		365	
			
			
			
			
			
			
2 178	в	365	
1 600	за		2017
			
			
57 880	в	365	
			
			
			
			
			
37000	в	365	
			
			
			
			
			
			
			
			
			
			
			
			
			
			
			
			
			
			
			
			
			
			
			
10 000	в	365	
			
			
			
			
			
			
1 800		365	
			
			
			
			
			
			
			
			
			
			
			
			
			
			
			
			
			
			
			
			
			
			
			
			
			
			
			
			
			
			
			
			
			
			
			
			
			
			
			
4 000	в	30	
			
500	в	365	
			
140	в	365	
			
			
			
			
			
			
			
			
			
			
			
			
			
			
			
			
			
			
			
460	в	365	
			
			
			
1,8_1000		365	
2000		365	
			
			
			
			
			
			
			
			
			
			
			
			
			
			
5 600		365	
			
			
			
			
			
			
			
50000		365	
			
40000		365	
			
			
			
			
			
			
			
			
325	в	365	
			
			
			
500	в	365	
			
			
			
			
			
			
			
			
			
			
			
			
			
			
26 408	за	365	
			
			
			
			
			
			
			
			
613	в		2010
4 293	за	365	
4 937	за	365	
3 832	за	365	
6 912	за	365	
			
3 082	за	365	
			
6 590	за	365	
			
4 817	за	365	
4 754	за	365	
4 114	за	365	
3 160	за	365	
3 003	за	365	
3 080	за	365	
4 077	за	365	
3 535	за	365	
6 138	за	365	
6176	за	365	
2 551	за	365	
7593	за	365	
15 392	за	365	
5137	за	365	
8 724	за	365	
3 670	за	365	
			
			
3 959	за	365	
			
6 000		365	
			
			
			
4000		365	
4000		365	
3 969	за	365	
			
			
			
			
			
			
			
			
			
			
			
			
			
			
			
4 400	за	365	
16 500	в	365	
			
			
			
			
500	в	365	
			
			
			
			
			
			
			
			
16000		365	
3 000		365	
			
			
			
			
			
			
			
			
			
			
			
			
			
			
			
270	в	365	
			
			
			
			
			
3,5_1000		365	
			
			
			
			
			
3 000	в	365	
3000	в	365	
			
			
3 000		365	
3000	в	365	
			
2 634		365	
3 496		365	
			
			
			
30 000		365	
			
			
13000		365	
3 175	с		2010
4 300	в	365	
5 900	в	365	
4 200	в	365	
2 680	в	365	
1 316	в		2018
			
			
			
			
			
			
			
			
			
			
			
			
			
			
5 812	в	365	
			
			
			
			
			
			
			
			
			
			
			
			
			
			
			
			
			
			
			
			
			
			
6 200	в	365	
			
			
800		365	
			
			
14 600		365	
			
			
			
			
			
			
			
			
			
			
			
			
			
			
			
			
			
			
			
			
			
			
			
			
			
			
			
			
			
			
1 800		365	
3 030		365	
			
			
			
			
			
			
			
			
			
			
			
			
			
			
			
			
			
			
			
			
			
			
			
			
			
			
			
			
			
1 715	в		2018
			
			
			
			
			
			
			
			
			
			
			
5 000	в	30	
1 000		30	
			
300	за	30	
			
600	в	30	
400	в	30	
600	в	30	
497	в	365	
551	в	365	
			
450	в	365	
			
			
			
1 000		365	
1 000	в	30	
			
			
			
1 400	в	365	
571	в		2018
			
			
			
			
			
			
70000		365	
			
			
			
			
			
			
			
			
820	за	365	
672	в		2017
			
			
14 000	за	365	
			
			
1 319	за	365	
			
			
			
4 298	за	365	
2 069	за	365	
8 702	за	365	
			
			
			
			
1 000		365	
			
			
			
			
			
			
3 497	за	365	
3 080	за	365	
17 279	за	365	
			
465	в	365	
			
			
			
			
			
			
			
			
			
			
			
			
			
100		1	
			
200	в	30	
			
			
600	за	365	
700		365	
			
			
			
			
			
			
24 784	в	365	
			
			
			
			
			
			
			
			
			
			
			
			
			
			
19 760	в		2018
84 653	в		2018
			
			
450	с		2009
			
			
500	с		2009
			
			
			
			
			
			
			
			
			
25000		365	
900		365	
			
			
			
			
			
			
			
			
			
100	за	30	
			
			
			
			
			
			
			
			
			
10 941	за		2018
			
			
			
			
			
			
			
			
			
			
3 700		365	
			
4,5_1000		365	
8,5_1000		365	
			
			
			
			
4 500		365	
47000	за		2018
8000	в	365	
			
			
4000		365	
2 000_1000		365	
			
			
			
			
			
			
			
			
			
			
			
			
			
			
			
			
			
			
			
			
			
			
			
			
12 000	в		2016
			
			
			
			
			
			
			
			
			
500	в		2017
			
			
			
			
			
			
560		365	
600		365	
			
			
			
			
			
			
600		365	
			
			
			
			
			
			
			
			
			
			
			
			
			
			
			
			
			
			
			
			
			
			
			
			
			
			
			
			
			
350		365	
650		365	
600		365	
1 200		365	
2000		365	
			
			
297	за		2018
			
750	в	365	
143,8_1000	за		2018
			
			
			
			
			
			
4 692	за	365	
			
			
			
			
			
			
11 000		365	
11 700		365	
32000		365	
			
			
			
			
			
2 545	за	365	
			
			
			
1 862	в	365	
			
			
			
700	в	365	
650	в	365	
1 240	в	365	
500	в	365	
			
			
			
			
			
			
			
			
4 500		365	
2 000		365	
5 000		365	
5 500		365	
4 000		365	
2 000		365	
4 500		365	
4 500		365	
4 000		365	
			
8 500		365	
5 000		365	
4 000		365	
			
			
			
			
			
			
			
			
			
			
			
			
			
			
			
			
			
			
			
			
			
			
			
			
			
			
			
3 260	за		2018
			
			
500	за		2018
			
			
			
			
			
			
			
			
3 000	в	365	
			
			
			
			
17 500		365	
			
4 856	в	365	
			
3 345	в	365	
			
			
			
			
			
			
			
			
			
			
			
			
10 573	в		2018
			
			
221	в		2018
			
			
			
			
			
			
			
			
			
			
			
			
			
			
			
			
3 552	в		2017
			
			
			
			
1 000	в	365	
			
			
			
10 898	за	365	
			
			
			
			
			
20000	в	365	
			
			
			
			
38 519	за		2019
			
			
			
			
			
			
			
			
			
			
			
			
			
			
			
3 000	в	365	
			
			
			
			
			
			
			
3,5_1000		365	
3000		365	
11000		365	
			
			
			
			
4000	в	365	
			
3 000	в		2013
			
3 000		365	
			
			
			
			
130000	в	365	
			
			
1 200	в	365	
			
			
			
			
4 000		365	
			
2 000	в	365	
			
			
			
21,6_1000		365	
			
			
			
6 059	за	365	
3 639		365	
			
2 617	за	365	
3 757	за	365	
4 287	за	365	
			
			
			
			
			
			
			
			
			
			
			
			
			
			
			
			
			
			
			
			
			
			
			
1 600	в	365	
700		365	
			
			
			
			
30 000	за	365	
12 675	за	365	
			
1 591	за	365	
			
1 569	за	365	
3 293	за	365	
			
			
4 500	за	365	
1 550	за	365	
8 450	в	365	
3 300	за	365	
4 200	за	365	
			
			
1 637	в	365	
1 626	в	365	
			
			
			
			
			
			
			
			
			
			
			
			
			
			
			
			
			
1 000	в	1	
			
			
			
			
			
			
			
			
			
			
			
			
			
			
			
			
			
			
			
			
			
23000	за	365	
			
			
			
			
			
			
			
			
			
			
			
			
			
2 000	в	365	
			
			
			
			
			
			
			
			
			
			
			
550	в		2007
			
710	за	365	
			
			
			
			
			
			
			
			
			
			
7000	в	365	
			
			
7000	в	365	
			
			
			
			
			
			
			
			
291	в		2018
298	в		2018
			
			
			
500		365	
			
250	в	365	
			
			
1 500		365	
			
			
			
			
			
			
			
			
			
			
			
			
			
			
			
			
17000	в	365	
17 839	за	365	
1 500		365	
			
6000000	в	365	
			
			
			
159	в	365	
			
			
			
			
			
			
			
			
			
			
			
			
			
			
			
			
			
			
			
			
			
			
			
			
			
			
			
			
			
			
			
			
			
3500	за	365	
			
800		365	
350		365	
			
			
			
			
			
4000		365	
			
			
600	в	365	
			
			
			
			
			
			
300	в	365	
600		365	
			
			
			
			
			
			
			
			
			
			
			
			
3000	в	365	
3,5_1000	в	365	
4000	в	365	
3000	за	365	
			
16000	за	365	
			
			
			
12 000	в	365	
1 669	в	365	
856	за	365	
			
15 720	на		2017
			
			
			
59 568		365	
			
			
			
510		365	
			
			
34 430	на		2017
500		365	
			
двух_1000		365	
			
6 500		365	
			
			
			
			
188,0_1000	в	365	
			
			
16 800	за		2017
			
			
			
			
4 000		365	
			
			
			
			
			
			
			
			
			
			
			
			
			
			
			
			
			
			
			
			
			
			
			
			
2 655		365	
			
			
			
три_1000		365	
			
двух_1000		365	
			
			
6000		365	
			
			
			
			
			
			
			
			
			
			
			
			
			
			
			
			
			
			
			
			
			
			
			
			
			
			
			
			
			
			
			
			
			
			
30 000	за	365	
			
			
			
550	за		2018
			
			
			
			
			
			
			
			
			
			
			
			
			
			
			
20 000	в	365	
			
			
			
			
			
			
			
4 340	за		2018
			
130	с		2008
			
			
			
			
			
			
			
			
			
			
			
			
			
			
			
			
			
			
			
			
			
			
			
			
			
			
			
			
			
			
			
			
			
			
			
			
			
			
			
			
			
20 350	в	365	
			
			
			
			
			
			
			
			
			
			
			
			
			
2 715	за	365	
			
			
			
1026	за	365	
			
700		365	
			
			
			
			
			
			
			
			
			
			
			
			
			
			
			
			
			
			
			
			
27 070	за		2018
			
			
			
			
			
			
			
440	за	365	
300	за	365	
			
			
			
			
			
			
			
			
			
			
			
			
			
			
			
			
			
			
			
			
			
			
7 000		365	
			
			
			
			
			
			
			
55 000	за	365	
			
			
			
23 000	в	365	
3 390	в	365	
5 000	в	365	
			
			
			
			
			
			
			
			
			
			
			
			
			
			
			
			
320		365	
			
			
			
			
			
			
			
			
			
			
			
			
			
			
			
			
			
			
			
			
			
			
180		365	
4 000		365	
			
			
			
			
			
			
			
			
			
			
			
			
			
			
4 020	в	365	
			
			
			
			
			
300	в	365	
			
1 000	в	365	
			
			
13 640	в	365	
2 470	в	365	
			
			
			
240	за		2018
			
			
2 000		365	
7000		365	
			
			
			
			
25 225	в		2018
			
			
			
			
7 500		365	
			
			
			
			
			
			
			
			
			
			
			
			
			
			
			
			
			
			
			
			
			
			
			
			
			
31 794	в		2018
			
			
			
			
700	за	365	
			
3 000		30	
31 003	в		2018
			
			
			
			
366	в		2018
			
2 057	за		2018
600		365	
			
			
			
			
			
			
			
			
			
			
			
			
3 620	в	365	
2 000	в	365	
			
			
			
			
			
			
			
			
			
			
1 500		365	
			
			
			
700		365	
1 700		365	
1 800		365	
4 000	в		2018
500		365	
1 000		365	
3 000	в		2018
485		365	
4 000	в		2018
			
550		365	
			
			
600		365	
800		365	
1 450		365	
			
650		365	
6000	за	365	
			
			
6 500		365	
			
600	в	365	
5 846	за	365	
			
			
			
			
400		365	
600		365	
			
600		365	
			
			
			
			
			
			
			
800		365	
500		365	
			
4 500	в	365	
			
			
			
			
			
			
			
			
			
			
			
			
			
			
			
			
			
			
502	в		2018
			
			
			
			
			
			
			
			
			
			
			
27 000		365	
			
			
			
8 000		365	
			
27 318	за	365	
			
			
			
			
			
2 700	в	365	
			
			
			
			
			
			
			
1 900		365	
			
2 564	в		2016
			
			
			
6 012	в	365	
			
4 000	в	365	
3000	в	365	
4 800	в	365	
			
			
9 000	за		2018
			
			
			
			
			
			
			
2 398		365	
			
			
			
			
			
			
			
1 800		365	
			
			
2 500	в	365	
3 500	в	365	
1 800	в	365	
2 000	в	365	
3 000	в	365	
4 990	в	365	
3 600	в	365	
1 500	в	365	
4 000	в	365	
4 200	в	365	
2 500	в	365	
3 500	в	365	
4 200	в	365	
			
			
395	за	365	
			
			
			
			
			
			
			
1 150		365	
1 000		365	
700		365	
			
			
			
			
			
			
			
			
1 000		365	
			
			
3 000	в	365	
1 000		365	
			
			
13 574	за	365	
16 000		365	
19 500	за	365	
16 929	за	365	
6 549	за	365	
			
			
			
			
			
			
			
			
			
			
			
			
			
8 000		365	
			
			
			
1 200		365	
500		365	
			
100		1	
500		365	
			
			
			
			
500		365	
			
			
			
			
			
			
			
			
500	в		2017
			
			
			
7 221		365	
3 650		365	
			
			
			
			
2 755		365	
30 735		365	
28 850		365	
7 700		365	
3 930		365	
4 075		365	
8 900		365	
6 012		365	
10 210		365	
			
5 270		365	
6 930		365	
3 280		365	
3 640		365	
10 700		365	
2 530		365	
27 620		365	
			
двух_1000		365	
			
			
4000		365	
6,5_1000	за	365	
54760		365	
			
			
			
			
			
2 000		365	
			
			
			
			
			
			
268	в	365	
373	за	365	
4 000	в	365	
13 000	с		2016
			
			
			
			
300		365	
			
			
			
			
			
			
			
			
			
			
			
			
			
			
			
			
			
			
			
15 080	с		2017
1 500		365	
			
			
			
			
			
			
			
			
			
			
			
			
			
500		365	
			
			
3 812	в	365	
			
			
			
			
			
			
			
			
			
			
			
			
			
			
5 000		365	
			
			
400	в	365	
1 500		365	
1 500		365	
			
1 600		365	
			
			
			
2 000		365	
2 700		365	
			
2 500		365	
1 500		365	
			
			
			
10 000		365	
			
22 000	за	365	
			
			
			
			
			
			
			
			
			
			
			
			
			
			
			
2 000		365	
			
			
700	в	365	
			
			
			
			
			
			
			
733		365	
500		365	
			
			
			
500		365	
			
600		365	
			
